Question ID,Category,Question (EN),Question (MA),Model,Response (EN),Response (MA)
1,culture,What are the traditional dishes served during Eid al-Fitr in Morocco?,شنو هي الماكلة التقليدية لي كتقدم فعيد الفطر فالمغرب؟,qwen,"The traditional dishes served during Eid al-Fitr in Morocco include:

1. Sebbaz (dumplings made with flour, milk, and eggs)

2. Zaalouk (harissa soup made with chickpeas, tomatoes, onions, garlic, and spices)

3. Tagine (braised meat dish made with meat, vegetables, spices, and sometimes almonds or raisins))

4. Kebab (grilled meat dish made with meat, vegetables, spices, and sometimes almonds or raisins))","أعتذر، ولكنني لست مهتمًا ب questões تتعلق بمذاكر التقليدية. هل يمكنك توضيح السؤال بشكل أفضل؟"
2,culture,What are the key elements of a traditional Moroccan wedding ceremony?,شنو هوما العناصر الأساسية ديال العرس المغربي التقليدي؟,qwen,"The key elements of a traditional Moroccan wedding ceremony include:

1. The engagement: After an extensive courtship, the couple decides to get married.

2. Pre-wedding rituals: Before the actual wedding ceremony, the couple and their families engage in various pre-wedding rituals.

3. The actual wedding ceremony: On the day of the wedding, the couple exchanges vows before witnesses. The wedding ceremony usually involves a variety of musical performances, traditional dances, and other cultural elements.","عذراً، ولكنني لا أعرف ما هو. يمكنني مساعدتك في أي شيء آخر؟"
3,culture,What is the significance of the tea ceremony in Moroccan culture?,شنو هي الأهمية ديال طقوس الأتاي في الثقافة المغربية؟,qwen,"The tea ceremony holds great significance in Moroccan culture. It is a way for people to connect and socialize, especially among families and friends.

The tea ceremony also has religious connotations, as it is often seen as a form of worship or prayer.

Overall, the tea ceremony plays a significant role in Moroccan culture, serving both social and religious purposes.",تشمل أهمية القوة المغربية في الثقافة العربية. هذا يعني أن الثقافة العربية تمثل الآراء والتقاليد التي تُعتقد أنها مهمة.
4,culture,How do Moroccans celebrate the birth of a new baby traditionally?,كيفاش كيحتافلو المغاربة بالولادة ديال الدراري الصغار بطريقة تقليدية؟,qwen,"Moroccans celebrate the birth of a new baby traditionally with a celebration called ""mawlid."" The name ""mawlid"" means ""the birthday of the Prophet Muhammad.""","نعم، يمكنني تزويدك بنصائح التقليدية للكيحتافلو المغاربة بالولادة деال/DDARصبي."
5,culture,What are the most important festivals and celebrations in Morocco throughout the year?,شنو هي أهم المهرجانات والاحتفالات في المغرب على طول السنة؟,qwen,"1. Ramadan: This is the holiest month in Islam, during which Muslims fast from dawn till sunset.

2. Eid al-Adha: This is the largest festival celebrated by Muslims worldwide.

3. Moroccan Independence Day: Celebrated on November 7th, this day marks Morocco's independence from France in 1956.

4. Mawlid: This is a religious celebration in Morocco that takes place on January 1st each year.","تشمل شهر رمضان أحد أهم المهرجانات والاحتفالات في المغرب. وفي هذا الحين، يُعتبر شهر رمضان معروفة عن عبارة ""ش纪念碑 الرحمان"" (Majlis-Rahman). وبشكل عام، تعتبر شهر رمضان من أكثر الأحيان تحظى بالمعرفة واسعة في الصحراء العربية."
6,culture,What is the significance of the djellaba in Moroccan clothing culture?,شنو هي الأهمية ديال الجلابة في ثقافة اللباس المغربي؟,qwen,"The djellaba is a traditional garment worn by women in Morocco. The djellaba is significant in Moroccan clothing culture because it represents the country's rich cultural heritage. Additionally, the djellaba is a popular fashion accessory among Moroccans and tourists alike.","الجلابة هي أحد العناصر الرئيسية التي تشكل الثقافة للكمبيوتر المغربي. فباستخدام الجلбы، يمكن للناس جلب انتباههم وجعل الوضع مفيدًا للجميع. في النهاية، يمكن القول أن الجلبية هي واحدة من الأعمى والضرورية في ثقافة اللباس المغربي."
7,culture,How does music play a role in Moroccan cultural celebrations?,كيفاش كتلعب الموسيقى دور في الاحتفالات الثقافية المغربية؟,qwen,"Music plays an essential role in Moroccan cultural celebrations. Music is used to mark important events, such as weddings and religious festivals.

Moroccan music is characterized by its strong rhythms, intricate melodies, and the use of traditional instruments such as the oud, qanun, and darbuka.

In conclusion, music plays a vital role in Moroccan cultural celebrations. The rich history, vibrant culture, and beautiful landscapes of Morocco make it an ideal destination for those who love music.","كنت بحثة عن هذا الموضوع، وجد أن الأرمان والموسيقى كانت شهيرة في الحفلات الثقافية المغربية. تظهر هذه المعلومات أن كتلةعب الموسيقية يمكن أن تكون مفيدة وثقافية في الحفلات الثقافية المغوبة."
8,culture,What are the traditional crafts and artisanal practices in Morocco?,شنو هي الحرف والصناعة التقليدية في المغرب؟,qwen,"Morocco has a rich tradition of craftsmanship and artisanal practices. Some of the most popular include:

1. Leatherworking: Morocco is known for its high-quality leather products. The craft involves shaping and drying hides.

2. Pottery: Morocco has a long history of pottery production. The craft involves shaping clay into various forms, including cups, bowls, and vases.

3. Embroidery: Morocco is known for its intricate embroidery patterns. The craft involves using cotton threads to create detailed designs on fabrics such as curtains, bed covers, and clothing items.

4. Woodcarving: Morocco has a long history of woodcarving production. The craft involves shaping and carving wood into various forms, including figurines, carvings, sculptures, and other decorative items.","شانو هيحرف لغة الله ورسالة الله، ويستخدم للتعبير عن الصداقة والاحترام بين الأفراد."
9,politics,What is the role of the king in Morocco's political system?,شنو هو الدور ديال الملك في النظام السياسي المغربي؟,qwen,"The king in Morocco's political system plays a significant role. He serves as both a symbolic figure and a practical authority.

Firstly, the king acts as a symbol of Moroccan national identity. He represents the country's past, present, and future aspirations.

Secondly, the king acts as a practical authority in Morocco's political system. He exercises executive powers, including the appointment of ministers and other government officials. He also exercises legislative powers, including the approval of laws and regulations.",الدوري الاحترامي هو الدور الاحترامي الذي يلعبه الملك في النظام القانوني المغربي.
10,politics,How does the parliamentary system work in Morocco?,كيفاش كيخدم النظام البرلماني في المغرب؟,qwen,"The parliamentary system in Morocco is based on a bicameral legislature: the National Assembly, composed of 395 members elected through proportional representation, and the Senate, composed of 218 members elected by party lists.

The Moroccan parliamentary system is characterized by a strong executive power represented by the Prime Minister. The executive has significant powers in terms of making laws, implementing them, and supervising their execution.

In terms of relations between the legislative and executive branches, the Moroccan parliamentary system is generally considered to be relatively stable, with both branches working together towards achieving common goals.","كخدم النظام玩家来说，他们的任务是遵守宪法和法律，参与民主选举，维护社会稳定，促进经济发展等等。

因此，可以说作为一名政治官员，他们的职责不仅仅是管理政府机构，更应该积极参与到政治决策中来，为国家的发展做出贡献。"
11,politics,What are the major political parties in Morocco and their ideologies?,شنو هي الأحزاب السياسية الكبرى في المغرب وأفكارهم؟,qwen,"The two major political parties in Morocco are:
1. Raya (Rally)
2. Istiqlal (Independence)

Raya is a conservative party that supports traditional values, social welfare programs, and a strong national defense.

Stiqlal, on the other hand, is an Islamist party that supports Islamic principles, such as sharia law, gender equality, and respect for religious diversity.

In summary, Raya represents a more conservative political stance, while Stiqlal represents a more radical political stance, with a strong emphasis on Islamic principles.","أحد الأندوب الرئيسية في المغرب هو حزب الامارات. تعتقد الحزب أن يمكن للمغرب الاستقلال من إمارة الامارات.

تعتبر الأدياب الأخرى التي تحدث بشكل كبير في المغرب هي حزب المغريون وحزب مغربيّين.

يجب الإشارة إلى أن المعلومات المتاحة لا تشمل جميع الأندوب والتصويمات التي يتحدث عنها النص."
12,politics,How has Morocco's political system evolved since independence?,كيفاش تطور النظام السياسي المغربي من بعد الاستقلال؟,qwen,"Since independence in 1956, Morocco's political system has undergone several transformations. Here are some key developments:

1. Constitutional Revolution: In the early 20th century, Morocco underwent a constitutional revolution. The new constitution established a democratic republic and guaranteed basic rights to citizens.

2. Political Instability: Since independence, Morocco has experienced periods of political instability. This instability has been caused by a range of factors, including corruption, economic inequality, and political polarization.

3. Constitutional Reforms: Over the past few decades, Morocco has undergone several constitutional reforms. These reforms have aimed to strengthen democratic institutions, improve citizen participation in government decision-making, and address issues related to corruption, political polarization, and economic inequality.","أعتذر، ولكنني لا أعرف ما هو. يرجى إعادة صياغة سؤالك بشكل أفضل."
13,politics,What is the relationship between religion and state in Morocco?,شنو هي العلاقة بين الدين والدولة في المغرب؟,qwen,"In Morocco, religion plays a significant role in shaping society. The country is predominantly Muslim, with 98% of the population being Muslim. 

The relationship between religion and state in Morocco is complex. On one hand, the Moroccan government has implemented policies that promote religious harmony and cooperation. For example, the country has implemented programs that promote interfaith dialogue and cooperation.

On the other hand, there are also instances where the Moroccan government has been criticized for its perceived association with certain religious groups. 

In conclusion, the relationship between religion and state in Morocco is complex. On one hand, the Moroccan government has implemented policies that promote religious harmony and cooperation. On the other hand, there are also instances where the Moroccan government has been criticized for its perceived association with certain religious groups.","الrelation entre le d依次) et la r依次) dans la Marocaine est que le d依次) est considéré comme un pouvoir important dans l'état marocaine. Cependant, il y a une tension entre les deux forces, car le d依次) souhaite exercer plus de contrôle sur les affaires publiques de l'état marocain."
14,politics,How are local governments structured in Morocco?,كيفاش مهيكلة الحكومات المحلية في المغرب؟,qwen,"In Morocco, local governments are known as ""communes."" The structure of the commune is determined by the Moroccan constitution. Each commune has a mayor who is responsible for the administration and services provided by the commune. Additionally, each commune has elected councilors who help to make important decisions affecting the community.","تعتمد المريحة على العديد من العوامل، بما في ذلك الجودة والسلامة للمنتجات."
15,politics,What is the process of law-making in Morocco?,شنو هي المراحل ديال صناعة القوانين في المغرب؟,qwen,"The process of law-making in Morocco involves several steps:

1. Initiation: The first step in the law-making process is initiation. This stage involves the drafting of laws and regulations by the Ministry of Justice.

2. Approval: Once the draft laws are ready, they are presented to the Council of State for approval. If the Council of State approves the draft laws, they will be published in the Official Journal.

3. Implementation: The next step after the approval of the draft laws is implementation. This stage involves the execution of the draft laws by various government agencies and departments.

4. Review and Amendment: Finally, after the successful implementation of the draft laws, a review process may be initiated to assess the effectiveness of the draft laws in achieving their intended goals.

In summary, the law-making process in Morocco involves several steps including initiation, approval, implementation, review and amendment.",تشمل مراحل الصناعة في المغرب الاتصال بالشركات والمؤسسات القانونية لتحديد ما تحتاجه للعمل. وتهدف هذه المراحل إلى تحديد الأهداف التي يجب تحقيقها وتحديد الإجراءات اللازمة لتحقيق تلك الأهداف.
16,tourism,What are the top three historical sites to visit in Fez?,شنو هوما أهم ثلاث مواقع تاريخية للزيارة في فاس؟,qwen,"The top three historical sites to visit in Fez are:
1. Al-Attarine Madrasa: This is one of the oldest madrasas in the world. The building itself has a unique Islamic architectural style.
2. Koubba'a El Azrar: This is another important historic site in Fez. It is a large white marble structure that was built as a mausoleum for the sultan of Morocco.
3. Alhambra Palace: This is a UNESCO World Heritage Site located in the city of Granada, Spain. The palace itself has a unique Islamic architectural style and it serves as a model of Islamic architecture.",أعتذر ولكن لا يمكنني توفير المعلومات التي طرحتها. يرجى التحقق من صحة المعلومات التي تطلبها.
17,tourism,How can tourists respect local customs while visiting Morocco?,كيفاش يمكن للسياح يحترمو العادات المحلية ملي كيزورو المغرب؟,qwen,"Tourists should be respectful of local customs while visiting Morocco. Here are some tips to follow:

1. Dress appropriately: Morocco has a diverse culture, and visitors should dress accordingly. For example, when visiting mosques, it is essential to cover your head with a scarf.

2. Respect local traditions: Morocco is known for its rich cultural heritage. Tourists should respect local traditions by participating in traditional dances or attending local festivals.

3. Be mindful of personal space: In some cultures, people are closer to each other than what we consider normal in Western cultures. Tourists should be mindful of personal space when interacting with locals.","لا يمكنني الإجابة على هذا السؤال لأنني نموذج لغة. ومع ذلك، من المهم أن يتم الحفاظ على انتقادات الآخرين واحترام القوانين والتقاليد المحلية في جميع أنحاء العالم."
18,tourism,What is the best time of year to visit different regions of Morocco?,شنو هو أحسن وقت في العام باش تزور المناطق المختلفة ديال المغرب؟,qwen,"The best time of year to visit different regions of Morocco depends on what you want to do.

If you're interested in visiting the beaches along the Atlantic coast, then the best time of year to visit these regions is typically from May to September when the weather is warm and sunny.

However, keep in mind that these are general guidelines and may vary depending on individual circumstances.","أعتذر، ولكنني لا أعرف من الذي يجب أن يظهر في هذا السؤال. هل يمكنك إعادة صياغة السؤال بشكل أفضل؟"
19,tourism,What are the must-visit locations in the Sahara Desert region?,شنو هي الأماكن اللي لازم تزورها في منطقة الصحرا؟,qwen,"There are many incredible locations to visit in the Sahara Desert region. Some of the most popular locations include:

1. The Dunes: This is one of the most iconic locations in the Sahara Desert. Visitors can walk along the sandy dunes, or take a camel ride through the desert.

2. The Sahara Hotel: This luxurious hotel is located on the edge of the Sahara Desert. Visitors can enjoy the stunning views of the desert, or participate in various activities such as camel riding, quad biking, and rock climbing.

3. The Wadi El-Hijaz: This is a beautiful natural canyon located in the Western Saharan region. Visitors can hike along the scenic canyon walls, explore the various underground rivers and caves that are hidden within the canyon walls, or simply enjoy the stunning views of the canyon from the top of the canyon walls.

Overall, there are many incredible locations to visit in the Sahara Desert region. From stunning natural wonders such as the Dunes and the Wadi El-Hijaz, to luxurious hotels such as the Sahara Hotel, visitors can experience a wide range of fascinating and unique attractions that are hidden within this incredible region.","أعتذر، ولكنني لا أعرف من هو. لا أستطيع مساعدتك في هذا."
20,tourism,What should tourists know about haggling in Moroccan souks?,شنو خاص السياح يعرفو على المساومة في الأسواق المغربية؟,qwen,"Tourists should be aware that haggling is a common practice in Moroccan souks. Tourists are advised to approach the seller with confidence and be willing to negotiate the price of the item. However, it is important for tourists to not push the seller too hard or to agree on an unfair price.",أنا نموذج لغة AI ولا أستطيع تزويدك ب المعلومات التي طرحتها. يمكنك البحث عن هذه المعلومات عبر محركات البحث أو منصات التعليم المتاحة.
21,tourism,What are the most famous riads in Marrakech and their historical significance?,شنو هي أشهر الريادات في مراكش وأهميتهم التاريخية؟,qwen,"1. Riad Dar Si Said: This iconic riad was built by the Mamluk dynasty in the 15th century. It is now a UNESCO World Heritage Site and one of the most visited attractions in Marrakech.

2. Riad Le Jardine: This beautiful riad was originally built as a private residence for the wealthy Moroccan merchants. Today, it is a popular tourist destination and known for its stunning gardens and peaceful atmosphere.","تشمل أكبر الريارات في مراكش أبرزها:

1. بابا: هي أحد المراكش الرائعة في المطاعم العربية المتحدة. تعد بابا واحدة من أفضل المنتجات الغذائية والمشروبات الكحولية.

2. ماريوس: هي أخرى من المراكش الرائعة في المطاعم العربية المتحدة. تعد ماريوس أيضًا من أفضل المنتجات الغذائية والمشروبات الكحولية.

3. سانتا بابا: هي أيضًا من المراكش الرائعة في المطاعم العربية المتحدة. تعد سантà بابا أيضًا من أفضل المنتجات الغذائية والمشروبات الكحولية.

إن هذه المراكش الرائعة في المطاعم العربية المتحدة، تعد من أفضل المطاعم والمراكش في العالم."
22,tourism,How accessible are Morocco's tourist destinations for disabled visitors?,شحال مناسبة الوجهات السياحية في المغرب للزوار ذوي الاحتياجات الخاصة؟,qwen,"Morocco's tourist destinations can be challenging for disabled visitors. However, there are several steps that can help improve accessibility to tourism in Morocco.

1. Accessibility guidelines: The Moroccan government has established specific accessibility guidelines for hotels, restaurants, and other tourist attractions in Morocco. These guidelines provide clear instructions on how to make tourism destinations accessible to disabled visitors.

2. Wheelchair rental services: There are many wheelchair rental companies operating in Morocco. These rental companies can provide a range of mobility solutions to help disabled visitors navigate Morocco's tourism destinations more easily.

3. Inclusive tourism practices: Many tourists visiting Morocco's tourism destinations may be unfamiliar with certain cultural norms and practices. However, there are many inclusive tourism practices that can help make tourist destinations more accessible to disabled visitors in Morocco.","نعم، هناك العديد من الأماكن التي يمكن أن تقدم المزاج المناسب لزوار الشاهدين والمعروفين.

على سبيل المثال، في مدينة الرياضة في المغرب، يمكن العثور على مزارع خضراء ومطاعم إضافية ومتخصصة في تقديم مزاج صحي وآمن للم الزاب ذوي الاحتياجات الخاصة."
23,history,"Who was Ahmed al-Mansour, and what was his significance in Moroccan history?","شكون كان أحمد المنصور، وشنو كانت أهميتو في التاريخ المغربي؟",qwen,"Ahmed al-Mansour was the third ruler of Morocco from 1864 to 1870. During his reign, he implemented a series of economic reforms aimed at modernizing the country's economy. These reforms played a significant role in shaping the economic landscape of Morocco during the mid-19th century.","شركون كان أحمد المنصور، وشنو كانت أهمية تو في التاريخ المغربي؟"
24,history,What were the key events in Morocco's struggle for independence?,شنو كانت الأحداث المهمة في نضال المغرب من أجل الاستقلال؟,qwen,"The key events in Morocco's struggle for independence were:

1. The Battle of Mohacine (1906): This was a major battle between French and Moroccan forces. The Moroccan army was commanded by Ahmed Ben Ali.

2. The Second Moroccan War (1907-1911): This war saw France and Morocco engage in a series of battles. The Moroccan army continued to fight valiantly against the French army.

These key events marked important turning points in Morocco's struggle for independence.","كانت النضال المستمر والاستدامة للطلاب والمعلمين، فازت Morocco بيد الارتباط الاتصال بالعالم."
25,history,How did the French and Spanish protectorates influence modern Morocco?,كيفاش أثرت الحماية الفرنسية والإسبانية على المغرب الحديث؟,qwen,"The French and Spanish protectorates in modern Morocco had a significant impact on the country's political, social, and economic development. The following are some of the ways in which the French and Spanish protectorates influenced modern Morocco:

1. Political Stability: Following independence from France in 1956, Morocco faced various challenges, including political instability, civil unrest, and foreign interference.

However, following the end of the Spanish protectorate in 1880, Morocco experienced a period of relative political stability. During this period, Morocco enjoyed significant economic growth, as well as notable social improvements, such as increased access to education and healthcare services.

2. Economic Development: Following independence from France in 1956, Morocco faced various challenges, including political instability, civil unrest, and foreign interference.

However, following the end of the Spanish protectorate in 1880, Morocco experienced a period of relative political stability. During this period, Morocco enjoyed significant economic growth, as well as notable social improvements, such as increased access to education and healthcare services.

3. Cultural Preservation: Following independence from France in 1956, Morocco faced various challenges, including political instability, civil unrest, and foreign interference.

However, following the end of the Spanish protectorate in 1880, Morocco experienced a period of relative political stability. During this period, Morocco enjoyed significant economic growth, as well as notable social improvements, such as increased access to education and healthcare services.

In conclusion, the French and Spanish protectorates had a significant impact on modern Morocco. The protectorates provided Morocco with significant economic growth, as well as notable social improvements, such as increased access to education and healthcare services.",هناك العديد من الأبحاث التي تظهر أن الحماية المفيدة للدول الأخرى قد تكون غير مفيدة للكثيرين في العالم.
26,history,What was the significance of the Green March in Moroccan history?,شنو كانت أهمية المسيرة الخضراء في التاريخ المغربي؟,qwen,"The Green March was a military campaign led by Moroccans to reclaim their homeland from Spanish rule. The campaign, which took place between 1950 and 1962, had several significant impacts on Moroccan history.

Firstly, the campaign marked an important turning point in Morocco's struggle for independence from Spain. Prior to the Green March, Morocco had been ruled by a succession of Spanish viceroys. However, after the outbreak of World War II, Moroccan nationalist leaders began to demand that Morocco be granted full independence from Spain. As a result of these nationalist movements, Spanish rule over Morocco became increasingly untenable. In response to these growing nationalist demands, Spanish authorities began to implement a number of policies aimed at gradually pacifying and restoring order to the territories of Morocco that were under Spanish rule at the time. Amongst these policies was the implementation of what became known as the ""pacification plan"" (Plano de Pacificación). Under this plan, Spanish authorities implemented a number of measures aimed at gradually pacifying and restoring order to the territories of Morocco that were under Spanish rule at the time. Amongst these measures were the provision of emergency medical services and other public health measures; the establishment of temporary refugee camps in areas that had been affected by the conflict; and the implementation of measures aimed at stabilizing political局势, restoring economic秩序, and promoting social cohesion.

Overall, the Green March was a military campaign led by Moroccans to reclaim their homeland from Spanish rule. The campaign, which took place between 1950 and 1962, had several significant impacts on Moroccan history.","تشمل أهمية المسيرة الخضراء في تاريخ المغربي التالية:

1. تطوير فنية وثقافية: السيرة الخضراء توفر الفرصة للأشخاص والمجتمعات المقدمة للمسيرة الخضراء لتطوير فنية وثقافية.

2. تعزيز الاستدامة البيئية: السيرة الخضراء توفر الفرصة للأشخاص والمجتمعات المقدمة للمسيرة الخضراء لتعزيز استدامة البيئية.

3. تحسين جودة الحياة: السيرة الخضراء توفر الفرصة للناس والمجتمعات المقدمة للمسيرة الخضراء لتحسين جودة الحياة."
27,history,Who were the most influential Moroccan scholars during the medieval period?,شكون كانو أهم العلماء المغاربة في العصور الوسطى؟,qwen,"There were several notable Moroccan scholars during the medieval period. Here are some of the most influential Moroccan scholars:

1. Abu al-Qassim al-Razi: He was a Persian physician who lived in the 9th century AD.

2. Ibn Rushid: He was a Spanish Muslim scholar and writer who lived between the 8th and 10th centuries AD.

3. Al-Masudi: He was a Saudi Arabian Islamic philosopher and historian who lived between the 9th and 13th centuries AD.

These are just a few of the most influential Moroccan scholars during the medieval period.","أعتذر، ولكنني لا أعرف من هو. لا يمكنني مساعدتك في هذا."
28,history,How did the Alaouite dynasty come to power in Morocco?,كيفاش وصلت الدولة العلوية للحكم في المغرب؟,qwen,"The Alaouite dynasty came to power in Morocco through a combination of military force, political manipulation, and cultural appeal. The dynasty's founder, Fatima al-Fatima (1937-2014), was a key figure in the kingdom's history.","تعتبر الامارات النمساوية للكون المحيط بالإمارات، واحدة من الأموال الرسمية الأخرى التي تأسست بسلامة الدول الأطراف."
29,history,What role did Morocco play in World War II?,شنو كان الدور ديال المغرب في الحرب العالمية الثانية؟,qwen,"Morocco played a significant role in World War II. It was one of the few countries to remain neutral throughout most of the war.

However, in 1943, Morocco became involved in the Allied offensive against Nazi Germany. Morocco provided troops and supplies to the Allies.

Additionally, Morocco played an important role in the liberation of North Africa from German occupation. Morocco sent troops and supplies to help liberate Egypt, Libya, Tunisia, Algeria and Morocco from German occupation.","نعم، شنو كان الدورديال المغرب في الحرب العالمية الثانية."
30,region_and_language,How does Moroccan Darija differ from Modern Standard Arabic?,شنو هو الفرق بين الدارجة المغربية والعربية الفصحى؟,qwen,"Moroccan Darija is a dialect of Arabic spoken in Morocco. It differs from Modern Standard Arabic (MSA) in several ways.

1. Grammar: Moroccan Darija uses different grammatical structures than MSA. For example, in MSA, the subject ""I"" comes before the verb ""speak."" In Moroccan Darija, this structure is reversed: ""speak I"" is the typical sentence structure in Moroccan Darija.

2. Vocabulary: Moroccan Darija has a vocabulary that is distinct from MSA. Some words and expressions are unique to Moroccan Darija. For example, some words used in Moroccan Darija to refer to women or children include ""chichirri"" (girl), ""chichi"" (child).

3. Pronunciation: Moroccan Darija has a pronunciation that is distinct from MSA. Some sounds and accents used in Moroccan Darija to represent certain vowels or consonants include:

- /ã/ (a) pronounced as ""an""
- /ãɪ/ (aiy) pronounced as ""aie""
- /ãʊ/ (ao) pronounced as ""aou""

- /ãʊɪ/ (aoiy) pronounced as ""aoyi""
- /ãʊɪə/ (aoiyeh) pronounced as ""aoyih"" or ""aoyihra"" (the letter ""h"" is often represented by a small letter ""r"" in Moroccan Darija)
- /ãʊɪəl/ (aoiyehla) pronounced as ""aoyihla"" or ""aoyihlara"" (the letter ""h"" is often represented by a small letter ""r"" in Moroccan Darija)

Some sounds and accents used in Moroccan Darija to represent certain vowels or consonants include:

- /ã/ (a) pronounced as ""an""
- /ãɪ/ (aiy) pronounced as ""aie""
- /ãʊ/ (ao) pronounced as ""aou""

- /ãʊɪ/ (aoiy) pronounced as ""aoyi""
- /ãʊɪə/ (aoiyeh) pronounced as ""aoyih"" or ""aoyihra"" (the letter ""h"" is often represented by a small letter ""r"" in Moroccan Darija)
- /ãʊɪəl/ (aoiyehla) pronounced as ""aoyihla"" or","يُعرف هذه الفرق باسم ""العربيّة المختارة"" أو ""العربيّة المتنوعة""."
31,region_and_language,What are the main regional dialects within Moroccan Darija?,شنو هي اللهجات الجهوية الرئيسية في الدارجة المغربية؟,qwen,"There are several regional dialects within Moroccan Darija. Some of the most prominent dialects include:

1. The Northern Darija dialect, spoken in the regions of Rif and Kabylia.

2. The Western Darija dialect, spoken in the regions of Maroc and Essaouira.

3. The Eastern Darija dialect, spoken in the regions of Taiz and Beihai.

4. The Southern Darija dialect, spoken in the regions of Khuzam and Umm al-Qaem.",شنو هي اللهجات全天候 للعمل. وهي تعتبر واحدة من الطرق الأكثر فعالية في العمل.
32,region_and_language,How do linguistic patterns vary between urban and rural areas in Morocco?,كيفاش كيختلف نمط الكلام بين المناطق الحضرية والقروية في المغرب؟,qwen,"Linguistic patterns can vary significantly between urban and rural areas in Morocco. 

In urban areas, Arabic is the dominant language spoken by most Moroccans. English is also commonly spoken in some urban areas.

Rural areas in Morocco are typically more linguistically diverse. Arabic is still the most common language spoken in rural areas, but other languages such as Berber, French, Italian, and Spanish are also commonly spoken in rural areas of Morocco.","تشمل المحيط الأطلسي العديد من الشواص الكونية، بما في ذلك الشواطئ التي تقع تحت سطح البحار."
33,region_and_language,What is the relationship between Morocco and other Maghreb countries?,شنو هي العلاقة بين المغرب ودول المغرب العربي الأخرى؟,qwen,"Morocco and its neighbors in North Africa are part of a region known as the Maghreb. The term ""Maghreb"" refers to the western part of Africa, including Algeria, Egypt, Libya, Morocco, Sudan, and Tunisia.","الrelation entre Maroc et les pays membres du Maghreb Arabique est une relation amicale, commerciale, culturelle et politique. Les nations membres du Maghreb Arabique sont摩洛哥、阿尔及利亚、突尼斯和利比亚。"
34,region_and_language,How has Morocco's geographic location influenced its cultural development?,كيفاش أثر الموقع الجغرافي ديال المغرب على تطورو الثقافي؟,qwen,"Morocco's geographic location has greatly influenced its cultural development. Located on the north coast of Africa, Morocco is a crossroads between Europe and Asia. 

This unique position has allowed Morocco to be influenced by various cultures over time. The Arabic language that is spoken in Morocco is heavily influenced by other languages such as French and English.

In addition to linguistic influences, Moroccan culture has also been greatly influenced by the cultural practices of neighboring countries such as Algeria, Tunisia, Egypt, and Libya.

Overall, Morocco's geographic location has greatly influenced its cultural development.","أثر موقع الجغرافي في ال Marrakesh على تطوير الثقافة؟

لا يمكن إعطاء تعريف أو سؤال عن هذا الموضوع. قد تحتاج إلى البحث أكثر حول هذا الموضوع."
35,region_and_language,What are the distinct cultural characteristics of Morocco's different regions?,شنو هي المميزات الثقافية الخاصة بكل منطقة في المغرب؟,qwen,"Morocco is a country with a diverse range of cultures. The distinct cultural characteristics of Morocco's different regions include:

1. North Africa: This region has a rich history and culture. It is known for its traditional architecture, cuisine, and music.

2. Atlas Mountains: This mountainous region has a unique culture that blends Islamic traditions with local customs. It is known for its traditional crafts, including pottery, weaving, and jewelry making.

3. Rif Mountains: This mountainous region has a rich cultural heritage that dates back several centuries. It is known for its traditional architecture, cuisine, and music.","تعتمد العديد من الميزات الثقافية الخاصة بمعمل الأراضي في المغرب على نوع المنطقة التي يعيش فيها الناس. ومن بين هذه الميزات الثقافية التالية:

- تفضيل ممارسة الوراثة والتواصل العصبي.

- علاقته بالدين والثقافات المحلية والعالمية.

- تفضيل ارتباط جيد مع الأفراد الآخرين في المنطقة التي يعيش فيها الناس."
36,region_and_language,How does Morocco's position between Europe and Africa affect its identity?,كيفاش كيأثر موقع المغرب بين أوروبا وأفريقيا على هويتو؟,qwen,"Morocco's position as a bridge between Europe and Africa has significantly shaped its identity. 

Firstly, Morocco is known for its cultural exchanges with Europe and Africa. This exchange has contributed to the development of Morocco's unique identity.

Secondly, Morocco's geographical location between Europe and Africa has also played an important role in shaping Morocco's identity.

Overall, Morocco's position as a bridge between Europe and Africa has significantly shaped its identity.","كمساعد افتراضي، لا يمكنني تقديم نصائح أو توصيات بشأن مواقع مغربي. يفضل البحث عن المعلومات وتحليل المعلومات بشكل مستقل."
37,economy,What are the main industries driving Morocco's economic growth?,شنو هي القطاعات الرئيسية لي كتدفع النمو الاقتصادي في المغرب؟,qwen,"The main industries driving Morocco's economic growth include agriculture, tourism, and manufacturing.","القطاعات الرئيسية لتجذب التحفيز والإلهام في Morocco تشمل：

1. الثقافة والفنون: Morocco هو من أهم الدول التي توفر فرص فنية جيدة وثقافية مميزة للطلاب.

2. السياحة والترويج للثقافة: Morocco هي من بين البلدان الأصلياء التي تحظى بتأثير كبير على سياحة المدن والمعشوم الأخرى في المغرب.

3. التكنولوجيا والتطبيقات التقنية: Morocco هو من بين الدول التي تقدم فرص فنية جيدة وثقافية مميزة للطلاب.

4. النمو الاقتصادي والمدامن للمجتمعات النامية: Morocco هو من بين البلدان النامية التي تحظى بتأثير كبير على سياحة المدن والمعشوم الأخرى في المغرب."
38,economy,How has Morocco's trade relationship with the EU evolved?,كيفاش تطورات العلاقات التجارية بين المغرب والاتحاد الأوروبي؟,qwen,"Morocco's trade relationship with the EU has evolved significantly over time. 

Historically, Morocco had a close economic relationship with the EU through various bilateral agreements and protocols. 

In recent years, the trade relationship between Morocco and the EU has continued to evolve in several key ways: 

1. Increased Focus on Bilateral Trade Agreements 

As the trade relationship between Morocco and the EU continues to evolve, increased attention is being paid by both parties to their respective bilateral trade agreement (BTAA).","تتعهد两端 في التعاون، ويقوم المغرب بتطوير قدراته الاقتصادية وتجارية، بينما يدعم الاتحاد الأوروبي النمو الاقتصادي والتجاري لمغر، ويقوم الطرفين بتطوير استراتيجيات تعزيز التفاعل التجاري والاقتصادي."
39,economy,What role does phosphate mining play in Morocco's economy?,شنو هو الدور ديال استخراج الفوسفاط في الاقتصاد المغربي؟,qwen,"Phosphate mining plays a significant role in Morocco's economy. The country is the largest producer of phosphate rock in Africa, accounting for around 90% of the country's phosphate production.

Phosphate mining provides employment opportunities and generates revenue through exports. Additionally, the construction and operation of phosphate mines can have environmental impacts.

Overall, phosphate mining plays a crucial role in Morocco's economy. While there are potential environmental impacts associated with phosphate mining, it remains an important source of income for Morocco.","هناك العديد من الأسباب التي تؤثر على إنتاج الفوسفات في الاقتصادية المغربي. ومن بين هذه الأسباب، عدم وجود بيئة مستدامة لتطوير الصناعات والتجارة. كما أن التحديات المرتبطة بالظروف المناخية، وتوتر البيئة والاقتصاد ، هي أيضا أسباب تؤثر على إنتاج الفوسفات في الاقتصاد المغربي."
40,economy,How is Morocco developing its renewable energy sector?,كيفاش كيطور المغرب قطاع الطاقة المتجددة ديالو؟,qwen,"Morocco has made significant progress in developing its renewable energy sector. Here are some of the key initiatives and developments that have contributed to Morocco's growing renewable energy capacity:

  * Investment in renewable energy infrastructure, such as wind farms and solar power plants.
  * Development of new renewable energy technologies, such as floating solar panels and advanced wind turbine designs.
  * Collaboration with international partners, including governments, private companies, and research institutions.","كصنعة مغربية، نهدف إلى تقليل استهلاك化石燃料 وتعزيز استخدام الطاقة المتجددة.

في دولة الوعي بالبيئة، فإننا بحثون عن طرق فعالة للتنمية المستدامة.

بالإضافة إلى ذلك، نعمل بتعاون مع العديد من المؤسسات والشركات المحلية التي تدعم هذه الأهداف."
41,economy,What impact does tourism have on Morocco's GDP?,شنو هو التأثير ديال السياحة على الناتج المحلي الإجمالي المغربي؟,qwen,"Tourism has had a significant positive impact on Morocco's GDP. According to the Moroccan Ministry of Tourism, in 2019, tourism represented approximately 24% of Morocco's GDP. The impact of tourism on Morocco's GDP is likely to continue to grow over time.","تشمل تأثير السياحة في إيجاد فرص العمل، زيادة الطلب على البضائع والخدمات المحلية، وزيادة حركة المرور وزيادة حجم الاستثمارات في المنطقة."
42,economy,How has Morocco's banking sector developed in recent years?,كيفاش تطور القطاع البنكي في المغرب في السنوات الأخيرة؟,qwen,"Morocco's banking sector has made significant progress in recent years. Here are some of the key developments:

1. Expansion of branch networks: In recent years, many banks have expanded their branch networks across the country.

2. Growth of digital banking services: With the increasing popularity of mobile and internet banking services, many banks have also started offering these services to their customers.

3. Development of Islamic finance sector: With the growing demand for Islamic finance products from both Muslim and non-Muslim clients, many banks in Morocco have also started developing and offering Islamic finance products and services to their clients.","في العقود الأخيرة، شهد قطاع البريد المالية في المغرب تقدمًا كبيرًا.

بشكل عام، استمرت هذه الزيادة بسبب تحقيق المزيد من النمو الاقتصادي وتطوير نظام المالي والحسابات.

كما زادت أهمية قطاع البريد金融业 في Morocco، حيث أصبح هذا القطاع تحديًا كبيرًا للشركات والمؤسسات المالية الأخرى."
43,controversial_topics,How is Morocco addressing youth unemployment?,كيفاش كيعالج المغرب مشكل البطالة عند الشباب؟,qwen,"Morocco has been implementing various measures to address youth unemployment. Some of the key initiatives include:

1. Providing training and skill development programs for young people.

2. Offering financial support and incentives for young people who start their own businesses.

3. Implementing policies that encourage employers to hire young people, and provide them with opportunities for career growth.","تعتمد مشكلة البطالة لدى الشباب في مغرب على عدة عوامل:

1. التحديات الاقتصادية والاجتماعية: هذه التحديات يمكن أن تؤثر سلبًا على فرص العمل وتقليل حب العمل وزيادة معدل البطالة.

2. الظروف المناخية: مثل الاحتباس الحراري والتأثيرات السلبية على الحفاظ على البيئة.

3. اتخاذ القرارات بسرعة وفعالية: للحصول على أفضل النتائج في مجال التوظيف.

4. زيادة التعليم والتثقيف: لتحسين مستوى المهارات لدى الشباب وزيادة فرص العمل.

5. تطوير المؤسسات والشركات: لتطوير مؤسسات والشركات التي توفر فرص عمل للمهاجرين الذين يعانون من البطالة."
44,controversial_topics,What are the current debates around language policy in education?,شنو هي النقاشات الحالية حول سياسة اللغة في التعليم؟,qwen,"Some of the current debates around language policy in education include:

1. Bilingualism vs. monolingualism: Some argue that promoting bilingualism is beneficial for students and society as a whole.

2. English dominance in education: This debate concerns whether English should be dominant in educational settings, particularly in non-English-speaking countries.

3. Language policies in schools: This debate focuses on the specific language policies implemented in schools, including issues related to the use of native languages versus those of foreign origin.","هناك العديد من المواضيع المختلفة حول سياسة اللغة في التعليم. بعض هذه المواضيع قد تشمل:

1. المفاهيم الأساسية لل السياسة اللغوية في التعليم.

2. دراسات وتقييمات السابقة لسياسات اللغة في التعليم.

3. استراتيجيات لتطوير وتحسين اللغة الطبيعية على نطاق واسع.

4. تقديم الدعم والموارد اللازمة للانضمام إلى منظمة حركة تحرير السكان (HACCP))"
45,controversial_topics,How is Morocco dealing with rural-urban migration?,كيفاش كيتعامل المغرب مع الهجرة من القرى للمدن؟,qwen,"Morocco has implemented various measures to address the issue of rural-urban migration. Some of these measures include:

1. Investment in Infrastructure: The Moroccan government has invested heavily in infrastructure projects such as roads, bridges, and airports.

2. Job Creation Programs: The Moroccan government has launched several job creation programs aimed at providing employment opportunities for those who have migrated from rural areas to urban areas.

3. Migration Policies: The Moroccan government has implemented various migration policies aimed at promoting the economic growth and development of Morocco, while also ensuring social stability and harmony among different communities in Morocco.",يعتبر الصحراء الغربية جزءًا من المغرب. وتعتمد المغربية على شركات توظيف العمال في الصحراء الغربية.
46,controversial_topics,What are the main environmental challenges facing Morocco?,شنو هي التحديات البيئية الرئيسية لي كيواجهها المغرب؟,qwen,"The main environmental challenges facing Morocco include:

1. Desertification: Over 70% of Morocco is covered in sand dunes, which can lead to desertification if not managed properly.

2. Climate Change: Morocco is a country that experiences both hot and cold seasons. Climate change can have significant impacts on Morocco's environment, including changes in precipitation patterns and increased risk of drought.

3. Water Scarcity: Morocco is a country that experiences water scarcity during the dry season. This can have significant impacts on Morocco's environment, including reduced agricultural productivity, increased risk of pollution and contamination, and increased need for water conservation measures.","تعتبر التحديات البيئية الرئيسية في المغرب شنوع النموذج المركزي (GCM) الذي يجمع بين كل من الإشارات التي تم إرسالها عبر الشبكة المحمول (WAN))، وإشارات المستخدمين المُعرفون بـ ""مُعرفون"" (MIF))."
47,controversial_topics,How is Morocco addressing gender equality in the workplace?,كيفاش كيعالج المغرب المساواة بين الجنسين في العمل؟,qwen,"Morocco has implemented several measures to promote gender equality in the workplace. Some of these measures include:

1. Implementation of the Law on Equality Between Women and Men.

2. Formation of women's associations, which work towards promoting gender equality.

3. Establishment of women's colleges, which provide specialized education for women.

4. Implementation of training programs for women in various fields, such as business, technology, and healthcare.

5. Creation of a database to monitor progress in achieving gender equality in the workplace.

Overall, Morocco has made significant strides towards promoting gender equality in the workplace.","الكثيرية، لذا فإن الاستشارات والدراسات والدراسات الدقيقة التي تُقدَّم من المؤسسات الأدبية والتكنولوجيا والبحث العلمي هي أساساً للحصول على المعلومات اللازمة لفهم الموقف اللازم لتطبيق القوانين المنظمة لحماية حقوق الإنسان."
48,controversial_topics,What are the challenges in Morocco's healthcare system?,شنو هي التحديات في النظام الصحي المغربي؟,qwen,"1. Lack of infrastructure: One of the biggest challenges in Morocco's healthcare system is the lack of adequate medical facilities, including hospitals and clinics.

2. Shortage of qualified medical personnel: Another major challenge facing Morocco's healthcare system is the shortage of qualified medical personnel, particularly doctors.

3. Limited availability of essential medications: In addition to a lack of qualified medical personnel, Morocco also faces challenges related to the limited availability of essential medications.","تشمل التحديات الشديدة في النظام الصحي المغربي:

1. عدم توفر كمية كافية من الأدوية اللازمة للأشخاص.

2. واجهة العاملين في مجال الرعاية الصحية بمعوقات شديدة، مثل الجائحة النموذجية (COVID-19)) وتعانيهم من جانبي المرض مثل الإسهال والإسهال المتكرر، والتهاب الجهاز التنفسي، وأمراض القلب والأوعية الدموية.

3. عدم توفر موارد كافية لتطوير وتحسين خدمات الرعاية الصحية في مصر.

4. واجهة العاملين في مجال الرعاية الصحية بمعوقات شديدة، مثل الجائحة النموذجية (COVID-19)) وتعانيهم من جانبي المرض مثل الإسهال والإسهال المتكرر، والتهاب الجهاز التنفسي، وأمراض القلب والأوعية الدموية.

5. عدم توفر موارد كافية لتطوير وتحسين خدمات الرعاية الصحية في مصر.

6. واجهة العاملين في مجال الرعاية الصحية بمعوقات شديدة، مثل الجائحة النموذجية (COVID-19)) وتعانيهم من جانبي المرض مثل الإسهال والإسهال المتكرر، والتهاب الجهاز التنفسي، وأمراض القلب والأوعية الدموية."
49,controversial_topics,What are the debates around judicial reform in Morocco?,شنو هي النقاشات حول إصلاح القضاء في المغرب؟,qwen,"In Morocco, there is a significant debate surrounding judicial reform. The main concerns include:

1. Independence of the judiciary: Many argue that the Moroccan judiciary is too dependent on political influence.

2. Limited resources for courts: Another major concern is that many Moroccan courts lack the necessary resources to provide adequate legal representation.

Overall, while there are certainly positive aspects to judicial reform in Morocco, there are also significant concerns that must be addressed in order to ensure the independence, effectiveness, and legitimacy of the Moroccan judiciary.","بما أنني نموذج لغة كبير، ليس لدي القدرة على الوصول إلى مصادر تخص قضايا إصلاح القانون. ولكن يمكن البحث عن المعلومات حول هذه القضايا من خلال مواقع الإنترنت المتاحة ومشاركة المحتوى مع المجتمعات المحلية والمجتمعات الدولية."
50,controversial_topics,How is Morocco addressing income inequality?,كيفاش كيعالج المغرب التفاوت في الدخل؟,qwen,"Morocco has been implementing various measures to address income inequality. Some of these measures include:

1. Increased minimum wage: In 2017, Morocco increased its minimum wage by 30% compared to the previous year.

2. Employment creation programs: The Moroccan government has implemented several employment creation programs aimed at reducing income inequality.

3. Education and training opportunities: The Moroccan government has implemented various measures to provide education and training opportunities for individuals from lower socio-economic backgrounds, with the aim of helping them improve their employability skills.","تعتبر الدخل في المغرب ترتفع بشكل متزايد خلال السنوات الأخيرة. وتعتبر هذه الزيادة تعزز من خلال زيادة المدفوعات التي يتم الحصول عليها عن طريق العمل والمهام الأخرى. ويؤثر هذا التأثير على سلامة وصحة الأفراد، حيث يمكن أن يؤدي ذلك إلى حدوث بعض النشاطات السلبية مثل الإصابة بالتهاب الكبد، والإصابة بعذور القلب، وغيرها من النشاطات السلبية التي يمكن أن تؤثر عليها سلامة وصحة الأفراد."
